id,name,city,district,address,mrt,broth_types,specialties,price_min,price_max,price_avg,wait_time,rating,tags,notes,source,badge
da-jiao-taipei,大角拉麵,台北市,大安區,忠孝東路四段216巷33弄6號1樓,忠孝敦化,雞白湯|醬油,醬油焦香拉麵|大角擔擔麵,270,340,290,免排隊,4.6,雞湯|免排,雞香濃郁不膩，夏天免排隊優勢,IG @ramen_roamers,
yin-jia-zhongshan,隱家拉麵 中山店,台北市,中山區,南京西路25巷28號,中山,雞白湯,柚香雞白湯,260,330,280,30分,4.7,柚香|泡系,泡系口感與果香風味,IG @ramen_roamers,
niu-bang-zhongli,牛浜,桃園市,中壢區,新生路88號,,牛骨|雞白湯,牛骨拉麵|牛雞雙湯,280,350,300,20分,4.6,牛骨|稀有,台灣少見牛骨系,台灣拉麵協會,
sheng-wang,勝王,台北市,中山區,林森北路306號,中山,創作|限定,每日限定,300,370,320,60分,4.9,創作系|限定,台灣拉麵愛好會2021-2023年度冠軍三連霸，累計6度受賞，入「殿堂」不再參選。舊址中山北路一段94號已搬遷。,台灣拉麵愛好會2023票選,
yan-liu-taipei,塩琉,台北市,中正區,重慶南路一段116號,台大醫院,鹽味,鹽味拉麵,240,310,260,25分,4.5,鹽味|清爽,確認地址：重慶南路一段116號。另有林森分店：林森北路133巷7號。龍蝦清湯、干貝清湯為人氣品項。2023年度愛好會第2名。,台灣拉麵協會,
menya-musashi,麵屋武藏 台灣,台北市,中正區,忠孝西路一段36號B1,台北車站,豚骨|魚介,武藏拉麵,300,370,320,30分,4.4,豚骨魚介|日本品牌,確認營業中，全台6家分店：本店（台北車站M6出口誠品站前B1）、神山店（中山站）、光復店（國父紀念館站，2023底開幕）、信義店（Dream Plaza B2）、台中首店（JMall 2樓）、武骨店（Global Mall新左營3樓）。2023年營收1.2億元，平均客單價370元。,台灣拉麵協會,
totto-ramen-main,鳥人拉麵 台灣總店,台北市,大安區,復興南路一段107巷5弄9號,忠孝復興,雞白湯,特製鳥人白湯|辛白湯,260,330,280,30分,4.6,紐約來台|雞白湯,來自紐約，營業至凌晨4點,Google Maps,
menya-itto,麵屋一燈,台北市,中山區,南京東路一段29號,中山,雞白湯|魚介,濃厚魚介雞白湯,290,360,310,45分,4.7,日本來台|魚介,,台灣拉麵協會,
ippudo-taipei,一風堂,台北市,中山區,中山北路一段85號,中山,豚骨,白丸|赤丸,270,340,290,20分,4.3,連鎖|豚骨,全台約20-21家分店。北部12家為主力，包括台北大巨蛋店（旗艦Bar業態）、中山本店（拉麵居酒屋）等。近期新開大葉高島屋天母店(2025)、新店裕隆城店(2026)。中部有台中高鐵店、台中漢神洲際店(2026/4/10)。南部有台南高鐵店、台南南紡店、左營高鐵店、漢神巨蛋店。新光三越台中中港店可能已停業。,Google Maps,
tunjing-ramen,屯京拉麵,台北市,中山區,中山北路一段141號,中山,豚骨|味噌,東京豚骨,240,310,260,15分,4.2,連鎖|東京風,全台6家分店：敦南店（首店）、中山店、新光三越A8店、林口三井店、新竹巨城店、台中誠品店。高雄夢時代店（2025/2歇業）及台南南紡店已關閉。台中以南目前僅剩台中誠品1家。2025/9舉辦登台14週年活動。,Google Maps,
chikumo,麺屋千雲,台北市,中山區,林森北路105-1號,中山,雞白湯|煮干,雞白湯,280,350,300,25分,4.5,深夜|煮干,,Google Maps,
kanzuri-shinn,柑橘Shinn-Soba,台北市,大安區,仁愛路四段228-6號,忠孝敦化,雞清湯|蛤蜊,柑橘雞湯|蛤蜊拉麵,290,360,310,40分,4.7,清湯|柑橘,確認地址仁愛路四段228-6號。另有鴨蔥店（嘉興街315號）、魚水店（基隆路一段428號）。,2023票選,
ramen-seven-bird,らーめん七面鳥,台中市,西區,中美街331巷15號,—,雞白湯|濃厚,雞白湯,250,320,270,40分,4.8,台中名店|雞白湯,台中拉麵天王,台中拉麵推薦,
sake-no-daisuke,鮭の大助,台中市,西區,向上路一段170號,—,魚介|鮭魚,特濃鮭白湯,280,350,300,30分,4.7,鮭魚|七面鳥二店,七面鳥二號店，免費白飯,台中拉麵推薦,
genki-shrimp,蝦蝦拉麵 元氣屋,台中市,西區,中美街419之4號,—,蝦|魚介,濃厚蝦蝦沾麵,260,330,280,35分,4.6,蝦湯|沾麵,台灣最蝦的拉麵,台中拉麵地圖,
yoshi-ramen-taichung,有囍拉麵 中山店,台中市,中區,中山路82號,—,豚骨|雞白湯,豚骨拉麵,230,300,250,20分,4.4,台中|平價,,Google Maps,
niu-an,牛庵,台中市,西屯區,文心路三段107-16號,文心中清,牛骨|咖哩,咖哩牛骨拉麵,270,340,290,25分,4.5,牛骨|咖哩,狸匠體系，牛骨湯頭。2023年度愛好會第8名。確認地址：文心路三段107-16號,台中拉麵推薦,
ramen-chu,RAMEN初,高雄市,三民區,正興路111號,後驛,豚骨,蔥豚骨拉麵,230,300,250,25分,4.6,高雄四大天王|蔥拉麵,四大天王之「初」，蔥量超多,高雄拉麵推薦,
shodai-hanayama,初代花山,高雄市,新興區,民族二路5號,信義國小,牛骨,牛骨白湯|咖哩牛骨沾麵,290,360,310,30分,4.7,牛骨|高雄名店,高雄少見牛骨白湯,高雄拉麵推薦,
ichibon-ramen,一本拉麵,高雄市,新興區,玉竹二街5號,中央公園,雞白湯,濃厚雞白湯,250,320,270,20分,4.5,雞白湯|濃厚,湯頭香滑濃稠，膠質豐富,高雄拉麵推薦,
wolong-ramen,臥龍拉麵,高雄市,前鎮區,林森三路197號,獅甲,豚骨|味噌|客製,客製化拉麵,220,290,240,15分,4.3,客製化|調味粉,可自由搭配調味,高雄拉麵推薦,
hengbin-puli,埔里橫濱拉麵,南投縣,埔里鎮,慈恩街92號,,豚骨|醬油,,200,270,220,30分,4.4,南投|埔里,需現場抽單候位,Google Maps,
ramen-nagi,Nagi豚骨拉麵凪,台北市,大安區,漢中街52號6樓,西門,豚骨,,260,330,280,20分,4.5,豚王|黑王,,2023 Top85,
menya-sanshi,麵屋三士,桃園市,中壢區,春德路189號2樓,高鐵桃園,雞白湯,,270,340,290,20分,4.5,,,2023 Top85,
qian-xi,千璽 鶏パイタン專門,台中市,西屯區,文心路三段66號,文華高中,雞白湯,,250,320,270,20分,4.6,,,台中7大,
kitaho,Kitaho 北穗製麵所,台中市,西區,公益路124巷2號,—,豚骨|雞白,,240,310,260,20分,4.5,,,台中7大,
menya-seiryu,麵屋清流,台中市,西區,臺灣大道二段48號,—,魚介|豚骨,,260,330,280,20分,4.4,,,台中7大,
akakuma-ramen,赤熊拉麵,台中市,西屯區,河南路二段432之1號,—,豚骨|味噌,,230,300,250,20分,4.3,,台中人氣拉麵店,台灣拉麵協會,
ichiran-taipei,一蘭拉麵 台灣台北本店,台北市,信義區,松仁路97號1樓,市政府,豚骨,天然豚骨拉麵|秘傳辣醬,280,350,300,30分,4.3,24小時|連鎖,天然豚骨拉麵現行售價310元/碗（2024/4/1起調漲）。2025/3改裝、6/12重新開幕，座位從60席減至54席。加麵60元、半熟蛋40元、叉燒65元。,Klook 2026台北拉麵推薦; ANIKO台北拉麵30家,
ichigen-taipei,一幻拉麵 台北信義店,台北市,信義區,松壽路22號Neo19,市政府,蝦|味噌|鹽味|醬油,鮮蝦味噌|鮮蝦鹽味,230,300,250,20分,4.4,蝦系|北海道,北海道蝦頭熬製湯底，台灣限定淡麗口味,Klook 2026台北拉麵推薦,
sanran-taipei,山嵐拉麵 公館店,台北市,中正區,羅斯福路四段136巷,公館,豚骨|味噌,白湯|赤湯,250,320,270,30分,4.5,北海道札幌|客製化,豬背脂熬湯，油量/麵條/辣度可客製。公館/大安/中山三店,trip.com 2026台北拉麵12間,
bokuyo-ramen,墨洋拉麵,台北市,中正區,羅斯福路四段136巷10號,公館,雞白湯|豚骨,泡系雞豚拉麵,220,290,240,25分,4.5,泡系|免費加麵,泡系雞豚拉麵超有特色，免費加麵吃到飽,ANIKO台北拉麵30家,
enishi-taipei,麵屋緣 enishi,台北市,大安區,敦化南路二段81巷45弄12號,六張犁,醬油|創作,白Carbonara沾麵,290,360,310,25分,4.6,京都名店|沾麵,京都拉麵名店「餘香sugari」海外首店，白Carbonara沾麵極特別,ANIKO台北拉麵30家,
kanazawa-ramen,金沢拉麵,台北市,中山區,農安街24-6號,中山國小,醬油|鹽味,醬油拉麵,170,240,190,20分,4.5,CP值王|免費加麵加飯,190元無限加麵加飯，CP值最高。Google千則評價4.5星,ANIKO台北拉麵30家,
tonjin-ramen,豚人拉麵,台北市,大安區,忠孝東路四段216巷,忠孝敦化,豚骨,濃郁豚骨拉麵,230,300,250,15分,4.3,免費加麵,東區230元大份量豚骨，免費加麵一次,ANIKO台北拉麵30家; 波妮說食話,
nioya-ramen,二屋牡蠣拉麵,台北市,大同區,赤峰街35巷11號,雙連,牡蠣|雞白湯,濃厚牡蠣湯頭,260,330,280,25分,4.5,牡蠣系|無限加麵,超特別濃厚牡蠣湯頭，無限加麵免費,ANIKO台北拉麵30家; vocus台北拉麵地圖,
chickenking-ramen,麵屋雞金,台北市,中正區,新生南路一段6號1樓,忠孝新生,雞白湯|醬油,雞白湯拉麵|醬油魚介拉麵,230,300,250,10分,4.3,深夜|五之神系,五之神製作所第二品牌。營業到凌晨3點。2021新人賞,拉麵浪人; ETtoday 2021新星; marieClaire,
chosei-shiobito,長生塩人,台北市,士林區,天母西路65號,芝山,鹽味|醬油,鹽味拉麵|醬油拉麵,150,220,170,15分,4.3,深夜|平價,天母/北投/辛亥/民生/劍潭五店。150-190元超平價，營業到深夜12點,拉麵浪人深夜拉麵12間,
wasou-ramen,麵屋和創,台北市,松山區,延吉街2號,小巨蛋,醬油|鹽味|味噌,生薑清湯拉麵,170,240,190,30分,4.5,深夜|鷹流系,鷹流創始人鷹老新店，只做宵夜場22:00-01:00。生薑湯頭獨特,拉麵浪人深夜拉麵12間,
takumo-ramen,森麵堂,台北市,大安區,東豐街52號1樓,大安,雞白湯,米其林級雞白湯,290,360,310,30分,4.7,米其林|大安,米其林一星職人打造，日本嚴選麵體。僅此一家，必排隊,marieClaire台北雞白湯10間; Klook,🌟 米其林
chicken2-ramen,雞二拉麵,台北市,大安區,文昌街30號,信義安和,雞白湯,大雞(超大碗)|小雞,220,290,240,15分,4.4,大份量|客製化,份量分大雞/小雞/小小雞，粗細麵可選，鹹度油度可調,marieClaire台北雞白湯10間; 波妮說食話,
shiyan-ramen,旨燕泡系拉麵,台北市,中正區,開封街一段90號,西門,泡系|鹽味,旨燕禽白湯|鰹節溏心蛋,250,320,270,15分,4.5,泡系|清新,泡系拉麵，午晚不同菜單。2023年度愛好會第10名。確認地址：開封街一段90號,好好玩FUNIT台北拉麵地圖,
peng-xing,烹星,台北市,中山區,林森北路巷內,中山,乾物清湯|濃湯,乾物清湯拉麵,290,360,310,30分,4.6,2021新人王|勝王系,勝王/鬼金棒同店主。乾物清湯濃縮鮮美。首屆新人王冠軍,ETtoday 2021新星20家(台灣拉麵愛好會授權),
tenjiku-ramen,天鷄麵屋坊,台北市,大同區,南京西路18巷4弄8之1號1樓,中山,雞白湯,雞豬鴨+干貝+鮭魚卵,270,340,290,15分,4.4,CP值,290元含雞豬鴨、干貝、鮭魚卵，中山站高CP值,vocus台北拉麵地圖2025,
goshinno-ramen,五之神製作所,台北市,信義區,忠孝東路四段553巷6弄6號,市政府,蝦|豚骨,濃厚豚骨蝦沾麵|龍蝦沾麵,230,300,250,25分,4.6,蝦系|東京名店,東京新宿蝦味名店，濃厚蝦湯+醬汁蝦沾麵。限定款龍蝦沾麵,波波黛莉2020金賞; ETtoday 2021,⭐ 金賞
chen-ramen,辰拉麵,新北市,永和區,文化路110號,頂溪,鹽味|醬油|豚骨醬油,醬油豚骨拉麵|大滿足,250,320,270,30分,4.6,鷹流弟子|現場登記,前鷹流大師兄獨立。2023年度愛好會第4名。確認地址：文化路110號,妞新聞2022 Top10,
haoka-ramen,好呷拉麵 板橋三民店,新北市,板橋區,三民路二段203-3號,新埔,豚骨,日本生拉麵|豚骨拉麵,140,210,160,25分,4.4,無限續麵|甜點吃到飽,145元起無限續麵+甜點吃到飽。全台CP值最高拉麵品牌。永和/板橋/中和多店,dalang.tw 2026平價拉麵10家,
xuanri-ramen,懸日拉,新北市,板橋區,文化路一段31號,板橋,水果系,水果系拉麵,260,330,280,30分,4.5,獨特|水果,獨特香濃水果系拉麵，排隊再久都值得。黃金品嚐15分鐘,dalang.tw 2026平價拉麵; fooder_tw 2026,
lijiang-ramen,狸匠拉麵 深夜拉麵,台中市,南區,興大路90號,—,多元,大盛系列,230,300,250,20分,4.5,深夜|大盛,台中超火紅深夜拉麵，必點大盛系列超划算。續麵一球免費,dalang.tw 2026; fooder_tw 2026,
yamashita-park,山下公園,台中市,西區,健行路1049號3F,—,雞白湯,濃郁雞白湯|季節限定,260,330,280,30分,4.7,金賞|有囍姊妹店,有囍Yoshi Ramen姊妹店，不拘泥框架的創意雞白湯。金賞認證,妞新聞2022 Top10; 波波黛莉2020,⭐ 金賞
senxi-ramen,千璽拉麵,台中市,西區,健行路1049號(金典綠園道3F),—,鹽味|醬油|味噌,鹽味雞豚清湯|辛口豚雞濃湯,180,250,200,20分,4.4,金典綠園道,金典綠園道內，鹽味/醬油/濃湯/辛口多選擇。190元起,波波黛莉2020金賞,
kichikichi,雞吉君拉麵 西門店,台北市,萬華區,昆明街172號,西門,雞白湯|辣味噌,辣雞白湯|濃度雞白湯,260,330,280,25分,4.5,金賞|西門,限定辣雞白：日本紅白味噌+鬼椒+花椒+青花椒。2020/2023金賞入選,自由時報玩咖 2023 Top10; 好好玩FUNIT,⭐ 金賞
donzan-ramen,吞山郎 二郎風拉麵,台中市,西屯區,文心路三段107-16號旁,—,豚骨|二郎系,二郎風拉麵,240,310,260,20分,4.4,二郎系|大份量,貍匠系列新店，主打豪爽二郎風拉麵。推薦大食量麵友連打牛庵+吞山郎,ETtoday 2021新星(台灣拉麵愛好會),
xinxin-ramen,山形心心拉麵 士林店,台北市,士林區,小東街25號,劍潭,醬油|鹽味|味噌,山形辛味噌拉麵|二郎系男氣拉麵,200,270,220,20分,4.4,日本師傅|平價,日本師傅親自掌廚，自家製麵條，價格平實。台中/高雄也有分店,Klook 2026台北拉麵推薦,
tokunooya,特濃屋,台北市,中山區,中山北路二段77巷22號,雙連,豚骨醬油,橫濱家系拉麵,240,310,260,15分,4.4,家系|日本人老闆,日本人老闆，正統橫濱家系特濃豚骨醬油,波妮說食話2025台北拉麵12間,
menya-domoto,麵屋堂本,桃園市,中壢區,中央東路67號,—,多元,客製化拉麵,200,270,220,15分,4.4,免費續麵|客製化,190元起免費續麵一次，客製化麵條與口味,dalang.tw 2026平價拉麵,
junkyu-ichiu,淳鳩一夫日式拉麵,台南市,中西區,民權路二段218號,,雞白湯|魚介,蒜味雞白湯|黑金蛤蜊雞白湯,260,330,280,30分,4.6,Dcard熱推|台南第一,台南在地人唯一推薦，每日限定隱藏版。客製化麵條與湯頭濃度，純天然食材,dalang.tw 2026; trip.com台南拉麵8間; Klook台南12間; 黛西台南9間,🔥 人氣
orenobuta,俺の豚,台南市,永康區,東橋一路250號,,豚骨,超濃厚豚骨拉麵,180,250,200,30分,4.5,永康必吃|濃厚系,永康十大必吃。堅持日本標準細麵。牆面貼嚴禁拍照超過10秒標示。附桂花紅茶冰沙,trip.com台南拉麵8間; 台南女孩凱莉; vocus台南永康拉麵,
renhu-ramen,漣戶拉麵,台南市,東區,莊敬路(南紡附近),,豚骨|煮干,激厚醬油豚骨|煮干拉麵,220,290,240,15分,4.4,濃厚系|煮干,南紡附近濃郁系豚骨。招待醃蘿蔔。煮干拉麵是特色,黛西台南9間; 台南女孩凱莉,
goshi-ramen,吾私拉麵,台南市,北區,文賢路(攤車),,雞白湯,黑金蛤蜊雞白湯|濃郁雞白湯,170,240,190,20分,4.5,每日限量30碗|攤車,只在晚上販售、每日限量30碗。露天攤車形式，不到200元超實惠,trip.com台南拉麵8間; 台南女孩凱莉,
bailu-ramen,白露拉麵 Bailu Ramen,台南市,中西區,城隍街50號,,雞白湯,薩索雞雞白湯,260,330,280,20分,4.6,文青|米其林級薩索雞,清爽文青風雞白湯拉麵，使用米其林等級薩索雞，超嫩美味,台南女孩凱莉,🌟 米其林
umami-ramen,麵家宇味,台南市,中西區,西門路二段429號,,豚骨|魚介,豚骨魚介拉麵|濃厚豚雞拉麵,230,300,250,20分,4.5,西門路人氣,西門路超人氣日式拉麵，豚骨魚介/濃厚豚雞，值得回訪,台南女孩凱莉,
nani-men,Nani麵,台南市,中西區,新美街163號,,醬油|多元,日式沾麵,230,300,250,15分,4.4,沾麵|新美街,台南少見的日式沾麵專門。新美街新寵兒，日式風格吧檯,妳好南搞台南拉麵5間,
shuanghe-ramen,双赫日式拉麵,台南市,中西區,海安路二段269巷25號,,鹽味|蝦,柚子鹽拉麵|櫻花蝦拉麵,230,300,250,15分,4.4,日式裝潢,善化區起家。日式販賣機+橘色車站座椅。柚子鹽和櫻花蝦是台南少見口味,trip.com台南拉麵8間; Dcard台南拉麵,
menya-hiroshi,麵屋浩 Hiroshi,新竹市,北區,北門街87號,,豚骨,濃湯SP|清湯醬油拉麵,240,310,260,60分,4.7,新竹最強|限量,新竹超人氣排隊名店，一天只營業3.5小時。濃厚豚骨+手工Q彈麵體。濃湯SP必點,趣趣14家; polstartech新竹16家; GOMAJI Top10,🔥 人氣
hiro\,Hiro\,新竹市,東區,長安街76號,,豚骨|雞白湯,每日限定湯頭|炙燒叉燒壽司捲,300,370,320,45分,4.7,職人級|每週只開兩天,,mian-hun merged,
shinko-ramen,神虎拉麵,新竹市,北區,北門街170號,,豚骨,原味豚骨|味噌豚骨,240,310,260,20分,4.5,大阪直傳|深夜到12點,大阪直傳細麵專賣。炙燒五花叉燒+脆皮口感。營業到午夜。干貝鹽沾麵為新竹限定,趣趣14家; polstartech; GOMAJI Top10,
dajiao-hsinchu,大角拉麵 新竹東門市場,新竹市,東區,大同路86號(東門市場),,雞清湯|豚骨,雞清湯鹽味柚香拉麵|醬油拉麵,230,300,250,15分,4.6,淡麗系|日籍主廚,日籍主廚主理。舒肥薄切叉燒類似西班牙生火腿。雞清湯鹽味柚香是人氣王,趣趣14家; polstartech; 輕旅行; 踢小米,
menya-yoshimitsu,麵屋吉光,新竹市,東區,關新路65號,,豚骨,特盛豚骨拉麵,260,330,280,40分,4.6,關新路|排隊名店,湯體濃厚不死鹹。豚骨+全雞熬煮。洋蔥丁+青蔥段消除油膩。新竹排隊名店,趣趣14家; 嗨我是紹,
rante-ramen,嵐沺拉麵,新竹市,東區,南門街77號,,豚骨|味噌,叉燒豚骨拉麵|造型溏心蛋,230,300,250,15分,4.5,造型蛋|客製化,溏心蛋造型超可愛(哆啦A夢/兔兔/熊熊)。湯濃度/麵硬度可客製。豚骨濃郁順口,GOMAJI Top10; polstartech; 輕旅行,
ryota-ramen,涼太拉麵,新竹縣,竹北市,成功十二街26號,,豚骨|魚介,涼太特製拉麵,240,310,260,15分,4.5,東京はやし家系|精燉18小時,東京名店はやし家學徒開設。五種日本魚乾煨煮18小時。一樓拉麵二樓清酒吧,GOMAJI Top10; polstartech,
yokohama-ie,横浜家系ラーメン拉麵家,新竹市,東區,民生路119號,,豚骨醬油|魚介,家系拉麵|沾麵,230,300,250,15分,4.4,家系|日本人主理,日本師傅主理的正宗橫濱家系。新竹少見的沾麵也有供應,polstartech; 踢小米,
toriuen-ramen,麵家鳥猿,新竹縣,竹北市,嘉興路201號,,雞白湯|雞清湯,雞貝清湯拉麵,240,310,260,15分,4.5,雞湯專門|牡蠣,主打雞湯拉麵。雞貝清湯加入牡蠣海味，鹹淡適中所有人都會喜歡,polstartech新竹16家,
tonkeigyo,拉麵 豚鷄魚,新竹市,東區,關新二街133號,,雞白湯|醬油,白湯粗麵|松露醬油,240,310,260,15分,4.5,關新路|粗麵必吃,粗麵極高評價！白湯和松露醬油兩種湯底。麵體嚼勁完美抓附湯汁。豬雞叉燒鮮嫩,polstartech新竹16家,
menya-noh,麵屋。濃,新北市,林口區,復興北路(林口長庚附近),—,豚骨|多元,嚴選夢幻麵條|每日限量口味,220,290,240,20分,4.5,林口|限量,Dcard推薦林口拉麵。嚴選夢幻麵條+精心熬製湯頭。每天限量口味,dalang.tw 2026平價拉麵,
sharaku-ramen,寫樂拉麵,新竹市,東區,勝利路42號,,豚骨|醬油,叉燒拉麵|定食,220,290,240,10分,4.3,老字號|多元菜單,護城河旁老字號。種類豐富(拉麵/定食/咖喱/炸物)。初次來訪麵硬湯濃是定番,polstartech新竹16家,
chixi-ramen,千璽拉麵(資料更新),台中市,西區,健行路1049號(金典綠園道3F),—,鹽味|醬油|味噌,鹽味雞豚清湯$190|醬油雞豚清湯$190,180,250,200,15分,4.4,金典綠園道|平價,金典綠園道3F。190元起的平價好選擇,波波黛莉2020金賞,
cailiang-ramen,菜良日式拉麵,台南市,東區,崇明路42號,,豚骨醬油|二郎系,二郎系拉麵|沾麵,220,290,240,15分,4.3,二郎系|大份量,台南少有的二郎系拉麵專賣店。大份量蔬菜+滿滿叉燒,妳好南搞台南拉麵5間,
menya-sho,麵屋祥,高雄市,鼓山區,大順一路459號,凹子底,豚骨,濃湯叉燒拉麵|清湯拉麵,220,290,240,30分,4.6,排隊名店|客製化,大順路排隊名店。清/濃湯+鹹度+麵硬度客製。免費續一碗麵。大片叉燒覆蓋整碗,GOMAJI高雄10間; Jeremy高雄拉麵; PopDaily高雄10家,
jungle-ramen,叢林拉麵,高雄市,新興區,忠孝一路10號,中央公園,豚骨|味噌|醬油,博多豚骨|札幌味噌,120,190,140,10分,4.3,深夜|平價,120-140元超佛心價！六種口味。營業到凌晨1:30。忠孝夜市旁宵夜首選,GOMAJI高雄10間,
nakamura-kh,中村製麵,高雄市,苓雅區,成功一路231號,三多商圈,雞白湯|鹽味,中村拉麵(雞白湯)|塩拉麵,220,290,240,15分,4.5,漢神對面|期間限定,漢神百貨對面。濃厚雞湯底+超厚叉燒。塩拉麵鮮甜+滿滿青蔥。期間限定隱藏菜色,GOMAJI高雄10間,
tazuke-ramen,田介拉麵,高雄市,鹽埕區,鹽埕街56號,鹽埕埔,豚骨|醬油,蔥山豚骨醬油拉麵|熊本黑蒜豚骨鹽醬,200,270,220,15分,4.5,鹽埕|限量,鹽埕大眾食堂。每天限量豚骨高湯。濃淡/麵硬可選。蔥山拉麵蔥花超滿,虎麗笑嗨嗨高雄拉麵,
tazuke-jiro,田介二郎,高雄市,新興區,五福二路118巷1號,中央公園,豚骨醬油|二郎系,橫網大二郎(4倍份量)|九州濃豚骨,230,300,250,15分,4.4,二郎系|新堀江,田介2號店。二郎風濃厚豚骨醬油+爆多肉菜。橫網大二郎是4倍份量,虎麗笑嗨嗨; 茉莉小姐說說話,
men-on-soup,Men On Soup 雞白湯拉麵,高雄市,左營區,重信路128號,凹子底,雞白湯,原味雞白湯|滿足版(肉增量2倍),240,310,260,15分,4.5,文青|點餐機,左營新開文青風。雞骨熬煮高湯。微飽/滿足兩種份量。現點現炸牛蒡是亮點,虎麗笑嗨嗨,
takizawa-kh,瀧澤軒食堂,高雄市,苓雅區,林泉街44號,文化中心,豚骨|雞清湯|雞白湯,博多豚骨|柚子塩雞清湯,220,290,240,10分,4.4,8年老店|三種系統,文化中心旁開8年老店。博多豚骨12hr熬煮+淡麗清雞湯。週五六日限定蟹棒味噌,虎麗笑嗨嗨,
hare-ramen-kh,晴拉麵,高雄市,苓雅區,福安路,五塊厝,豚骨|醬油|味噌,豚骨拉麵|地獄拉麵,150,220,170,10分,4.3,平價|客製化,150-170元超平價！大骨蔬菜熬9hr。鹹淡/麵硬可調。豬油拌飯也推薦,妞新聞高雄10間; 虎麗笑嗨嗨,
kenda-ramen,研田拉麵,高雄市,鼓山區,美術東八街118號,—,雞白湯|醬油|鹽味,雞白濃湯|雞白醬油,240,310,260,15分,4.5,雞骨專門|季節限定,美術館附近。全品項雞大骨熬製。清湯(醬油/鹽味)+濃湯(雞白)。春夏限定柚子系列,妞新聞高雄10間,
kaneda-kh,金田家 台灣本店,高雄市,左營區,安吉街380號,巨蛋,豚骨,九州泡系豚骨拉麵,240,310,260,20分,4.5,福岡元祖|泡系,來自福岡元祖九州泡系豚骨。濃郁順口好吃。富國公園旁,茉莉小姐說說話 高雄40家,
volcano-kh,火山湯海,高雄市,左營區,左營區新莊一路276號,巨蛋,辣麻味噌,辣麻味噌拉麵,260,330,280,20分,4.5,鬼金棒傳人,台北知名鬼金棒「辣麻味噌拉麵」在高雄的傳人開的店,茉莉小姐說說話 高雄40家,
taikai-kh,大海拉麵 高雄店,高雄市,前鎮區,三多三路214號,三多商圈,豚骨,蔥拉麵|熊本黑蒜拉麵(高雄限定),180,250,200,15分,4.5,日本人老闆|博多道地,日本九州福岡老闆開的博多豚骨。三種濃淡可選。熊本黑蒜為高雄限定。竹北也有分店,虎麗笑嗨嗨; 趣趣新竹14家(竹北),
ichiran-taoyuan,一蘭拉麵 桃園華泰店,桃園市,中壢區,華泰名品城,—,豚骨,天然豚骨拉麵,280,350,300,30分,4.3,一蘭|Outlet,天然豚骨拉麵現行售價310元/碗（2024/4/1起調漲）,Google Maps,
ippudo-taoyuan,一風堂 桃園店,桃園市,中壢區,高鐵北路一段6號,—,豚骨,白丸|赤丸,270,340,290,20分,4.3,連鎖|博多,一風堂桃園分店,Google Maps,
menya-taka-kh,麵屋高(泡系),高雄市,新興區,美麗島站B1墨凡商場,美麗島,豚骨,泡系豚骨拉麵,230,300,250,15分,4.4,泡系|日籍師傅,高雄首間泡系拉麵。細緻泡沫帶來綿密口感。日籍師傅活力「いらっしゃいませ」,美食好芃友,
ichipon-owl,一本拉麵·梟,高雄市,苓雅區,廣州一街123之1號,—,雞白湯|豚骨,雞白湯拉麵|蔬菜拉麵,240,310,260,15分,4.4,文青|清爽,文青裝潢有「高雄最美拉麵」稱號。雞骨+蔬菜清爽路線。豬雞叉燒達到肥瘦平衡,趣趣高雄12家,
seiryu-ramen-kh,清流房日式拉麵,高雄市,鼓山區,美術南二路125號,—,豚骨|辣味噌,博多雞豚拉麵|鬼獄辛辣拉麵,220,290,240,10分,4.4,美術館|免費加麵,美術館附近。博多雞豚濃郁不膩。鬼獄辛辣含自製辣味噌+角煮叉燒。免費加半球麵,虎麗笑嗨嗨 2025,
ramen-tenman,拉麵天滿,高雄市,苓雅區,英明一路82號,—,雞白湯,泡沫系雞白湯,230,300,250,15分,4.5,泡沫系|楠梓→南高雄,楠梓最強泡沫系雞白湯搬來南高雄。滑順綿密口感推薦必吃,茉莉小姐說說話,
幸花-kh,幸花雞白湯 高雄店,高雄市,新興區,仁愛二街112號,信義國小,雞白湯,鹽味|醬油,160,230,180,10分,4.3,全台連鎖|平價,全台連鎖九州雞白湯。139-230元平價正統日式。黑蒜/松露推薦,妞新聞高雄10間,
ichiran-taichung,一蘭拉麵 台中朝富店,台中市,西屯區,朝富路2號2樓,—,豚骨,天然豚骨拉麵,280,350,300,30分,4.3,一蘭|三號店,確認存在且營業中。2021/11/24開幕，為台灣第二家分店。座位41席，營業時間10:00至翌日01:30。天然豚骨拉麵310元。,trip.com 2026台北拉麵,
teichiba-hualien,定置漁場三代目,花蓮縣,花蓮市,建國路23號1樓,,魚骨白湯,柚子胡椒麵|叉燒沾麵,280,350,300,40分,4.3,花蓮排隊王|免費加麵加湯,每日新鮮魚骨熬湯，花蓮排隊王,bigfang.tw; GOMAJI花蓮9間,🔥 人氣
kuroshio-hualien,黑潮拉麵·炸串專賣,花蓮縣,花蓮市,復興街71號,,豚骨,黑蒜拉麵,180,250,200,20分,4.3,可調濃淡軟硬,一蘭式可調濃淡軟硬，黑蒜湯頭層次豐富,jumpman.tw花蓮拉麵,
shojin-hualien,匠心食堂拉麵屋,花蓮縣,花蓮市,明禮路12號,,豚骨|牛豚骨,牛豚骨拉麵,220,290,240,20分,4.3,花蓮第一間拉麵專賣,花蓮第一間拉麵專賣。舒肥牛腰脊配煙燻豚五花,趣趣花蓮拉麵,🔥 人氣
chicken-white-hualien,雞白郎拉麵,花蓮縣,花蓮市,光復街50號,,雞白湯|魚介雞清湯,泡系雞白湯拉麵,245,315,265,30分,4.4,每日限量50碗|黑潮姊妹店,花蓮首間全雞拉麵，每日限量50碗。黑潮姊妹品牌,jumpman.tw,
shinda-hualien,麵屋真打,花蓮縣,花蓮市,鎮國街60號,,豚骨,特盛蔥豚骨拉麵,180,250,200,20分,4.2,免費加麵|2023新開幕,暴力系濃厚豚骨，免費加麵,tutufoodaholic.tw,🆕 新店
oda-hualien,麵屋小田,花蓮縣,花蓮市,中華路344號,,豚骨|醬油豚骨,博多豚骨拉麵|剝皮辣椒拉麵,140,210,160,10分,4.2,百元平價|在地食材,120元起百元平價。純豬骨熬湯融合在地剝皮辣椒,tutufoodaholic.tw,
kura-hualien,倉麵屋,花蓮縣,花蓮市,光復街81號,,豚骨|味噌|醬油,濃郁豚骨拉麵(限量),130,200,150,15分,4.2,百元秒飛日本|店貓,百元秒飛日本。有店貓陪吃,GOMAJI花蓮9間,
hala-ramen,哈拉麵,台東縣,台東市,福建路285號,,豚骨,厚切叉燒豚骨拉麵,150,220,170,30分,4.7,台東No.1|免費加麵,台東人氣No.1，Google 4.7。厚切叉燒入口即化,janice.life,🔥 人氣
shu-ramen,曙SHU拉麵,台東縣,台東市,仁二街1號,,豚骨,招牌拉麵|限量乾咖哩,100,170,120,15分,4.5,台東最美|十年老店,台東最美拉麵店，100元起。開業十年搬遷升級,cc2kitchen.com,
li-ramen,哩麵,台東縣,台東市,博愛路239號,,大骨蔬菜,味噌拉麵|咖哩飯,125,195,145,10分,4.3,動漫風|寵物友善,滿滿動漫公仔的平價拉麵。寵物友善,janice.life,
yamakoshi-chiayi,山越拉麵,嘉義市,東區,中正路349號,,豚骨|雞清湯,皆傳家鹽味豚骨|濃厚蝦蝦豚骨,180,250,200,15分,4.5,嘉義排隊王|每日不同湯底,嘉義最強排隊名店，每日湯底不同,amonblog.com; 趣趣嘉義11家,🔥 人氣
shouya-chiayi,將屋拉麵 嘉義店,嘉義市,西區,民族路523號,,雞白湯,泡系招牌雞白湯|澎湃白湯二郎,220,290,240,10分,4.8,嘉義評分最高|泡系,嘉義評分最高4.8，泡系雞白湯如奶蓋般綿密,kielkiel.com,
goshi-chiayi,吾妻拉麵,嘉義市,西區,北榮街171號,,雞白湯,原味雞白湯|蒜計蛤蠣雞白湯,160,230,180,10分,4.5,限量|攤車,雞白湯專賣攤車，限量販售賣完即止,amonblog.com,
yamazaki-chiayi,山崎拉麵,嘉義市,西區,國華街248號,,豚骨|醬油|味噌,黑豚骨拉麵|關東煮,155,225,175,5分,4.3,日本人老闆|東京正宗,日本東京老闆經營，日本食材正宗風味,damon624.pixnet.net,
mokushin-chiayi,麺屋木心,嘉義市,西區,永安街279號,,醬油|煮干,醬油煮干拉麵,165,235,185,25分,4.7,師承東京|巷弄限量,師承東京名店。巷弄攤車每日限量,amonblog.com,
mr-ramen-chiayi,Mr.RAMEN 嘉義店,嘉義市,西區,仁愛路229號,,豚骨,超級Mr拉麵|大蒜拉麵,180,250,200,5分,4.5,日本社長連鎖|客製化,日本社長連鎖品牌，可全面客製化,GOMAJI嘉義11選,
takino-chiayi,瀧野拉麵(家系),嘉義市,東區,文化路450號,,豚骨醬油,橫濱家系豚骨|熊本黑蒜豚骨,210,280,230,5分,4.4,家系|免費加麵,正宗橫濱家系拉麵，免費加麵或白飯,ants.tw,
shouya-douliu,將屋拉麵 斗六總店,雲林縣,斗六市,九如街75號,,雞白湯,泡系雞白湯|辛雞白濃湯,220,290,240,15分,4.7,斗六指標|免費加麵,斗六拉麵指標，三種叉燒多汁，免費加麵,v84454058.pixnet.net,
jingxuan-douliu,京軒麵屋,雲林縣,斗六市,太平路154號,,豚骨|二郎系|沾麵,二郎蒜香沾麵|特盛拉麵,210,280,230,10分,4.5,二郎系|太平老街,太平老街日式拉麵，雲林少見二郎系與沾麵,ants.tw,
santon-douliu,麵屋三豚,雲林縣,斗六市,民生路48-1號,,豚骨,焦蒜鹽味拉麵|叉燒飯,200,270,220,15分,4.6,僅8席|老闆赴日,僅8席座位。老闆赴日精進，斗六最強豚骨,ants.tw,
teichiba-keelung,定置漁場三代目(正濱店),基隆市,中正區,中正路541號B1,,魚白湯,炭燒小卷墨魚拉麵(基隆限定),260,330,280,25分,4.0,正濱漁港|基隆限定,花蓮名店進駐正濱漁港彩虹屋，基隆限定品項,keelunghihi.com.tw,
uto-keelung,羽都麵屋,基隆市,仁愛區,愛一路59號,,雞白湯,雞白湯味噌|冷沾麵(夏限),195,265,215,10分,4.5,僅6席|前森拉麵主廚,前森拉麵主廚。僅6席職人吧台,keelunghihi.com.tw,
tsukimi-keelung,月見拉麵,基隆市,仁愛區,仁三路40號2樓,,鹽味豚骨,豬腳拉麵|鹽味豚骨拉麵,155,225,175,15分,4.0,廟口旁|豬腳獨創,廟口旁台日混搭，豬腳拉麵獨創，免費加麵吃到飽,keelunghihi.com.tw,
kawasaki-keelung,川崎拉麵,基隆市,仁愛區,愛二路63號2樓,,豚骨|醬油|味噌|麻辣,京都豚骨|蝦王拉麵(10隻蝦),155,225,175,免排隊,3.9,免費飲品冰淇淋|CP值,免費飲品冰淇淋無限享用，CP值超高,GOMAJI基隆Top5; keelunghihi,
onisho-keelung,鬼匠拉麵(廟口店),基隆市,仁愛區,仁四路9-1號,,豚骨,豚骨拉麵|味噌拉麵,160,230,180,5分,4.0,廟口|連鎖,連鎖品牌進駐廟口，口味穩定價格親民,keelunghihi.com.tw,
meguro-pingtung,目黑拉麵,屏東縣,屏東市,民和路21號,,豚骨|味噌|鹽味,鹽味豚骨|叉燒味噌拉麵,180,250,200,10分,4.4,日本老闆|接近一蘭,日本老闆開設道地拉麵，濃厚度接近一蘭,ifoodie.tw,
yokoyamaya-pingtung,拉麵橫山家(屏東店),屏東縣,屏東市,林森路46號1樓,,豚骨|醬油,秘製豚骨|極釀醬油拉麵,240,310,260,15分,4.7,日本老闆台灣太太|職人町,日本老闆台灣太太經營，職人町文青風格,sushigraffiti.com,
hachiman-pingtung,八幡拉麵,屏東縣,屏東市,廈門街1-1號,,豚雞湯|醬油,海老辛味噌|柚子胡椒雞白湯,180,250,200,10分,4.3,加麵僅20元,品項豐富多樣，加麵僅20元,hemich.pixnet.net,
azumura-pingtung,梓村麵屋,屏東縣,屏東市,福建路77號,,雞白湯,辣味噌拉麵|秘炙醬油拉麵,180,250,200,10分,4.3,60年代復古風|深夜23:30,60年代日式復古風，營業至深夜23:30,chaoerh.pixnet.net,
yunhe-kenting,雲鶴拉麵,屏東縣,恆春鎮,光明路48巷8號,,豚骨,蔥浪拉麵|黑目厚叉燒拉麵,205,275,225,15分,4.5,恆春排隊|墾丁必吃,恆春超人氣排隊店，墾丁旅遊必吃,趣趣屏東拉麵,
harayama-changhua,原山拉麵,彰化縣,彰化市,南郭路一段173號,,鴨白湯|鴨清湯,鴨白女湯拉麵|日式叉燒飯,135,205,155,30分,4.6,鴨湯專賣|佛心價130元,市場罕見鴨湯專賣，佛心價130元起,ants.tw,
yanki-changhua,雁歸 雞湯拉麵,彰化縣,彰化市,永樂街187號1樓,,雞白湯|鹽味雞湯,松露雞白湯|柚香清雞湯,180,250,200,15分,4.4,巷弄日式|浮世繪,巷弄日式風情，浮世繪牆面裝潢,GOMAJI彰化拉麵,
kadonoya-yuanlin,角屋拉麵,彰化縣,員林市,中山路二段442號,,豚骨,魔物燒豚拉麵(月限定)|赤丸拉麵,210,280,230,15分,4.5,赴日靜岡拜師|近十年,老闆赴日靜岡拜師，深耕近十年,nanai.tw,
chosei-yuanlin,長生塩人(員林店),彰化縣,員林市,中山路一段798號,,鹽味|醬油|味噌,招牌鹽味拉麵|辣味肉醬拉麵,135,205,155,40分,4.4,僅8席|深夜,來自台北天母，每日熬八小時，深夜營業至凌晨,nanai.tw,
kouka-yuanlin,幸花雞白湯(員林店),彰化縣,員林市,中正路414號,,雞白湯,松露干貝拉麵|地獄火拉麵,170,240,190,10分,4.2,10小時熬煮|八種口味,每天新鮮熬煮10小時雞白湯，八種口味,pingu.blog,
menhunka-yilan,麵魂家,宜蘭縣,羅東鎮,南門路158號,,豚骨,魂白(濃厚白湯)|魂黑(黑麻油豚骨),180,250,200,30分,4.4,東海岸最強豚骨|食尚玩家,東海岸最強豚骨。每日限量。食尚玩家推薦,Pixnet YANG漾,🔥 人氣
wotai-yilan,屋台拉麵,宜蘭縣,頭城鎮,宜三路一段36號,,豚骨|醬油,豚骨經典|黑蒜頭私房拉麵,205,275,225,20分,4.5,柴火熬煮|攤車,柴火熬煮限量湯頭。攤車風格，可擼店貓,kafkalin.com,
isshin-yilan,一心拉麵,宜蘭縣,羅東鎮,光榮路413號,,豚骨,博多豚骨|三星玉蔥拉麵,180,250,200,25分,4.3,赴日學藝|限量200碗,赴日學藝每日限量200碗，免費浴衣拍照體驗,walkerland.com.tw,
kimura-yilan,木村 Kimura,宜蘭縣,宜蘭市,中山路二段187巷16號,,豚骨|黑蒜,暗黑系黑蒜拉麵|赤紅系拉麵,180,250,200,10分,4.5,老宅文青|伊豆傳承,老宅改造文青風，傳承伊豆手藝，黑蒜湯頭驚豔,smallesa2022.pixnet.net,
leshan-jiaoxi,樂山溫泉拉麵,宜蘭縣,礁溪鄉,礁溪路五段108巷1號,,豚骨|味噌,三星蔥豚骨|海鮮拉麵,210,280,230,20分,3.8,泡腳吃拉麵|全台獨創,全台獨創泡腳吃拉麵，礁溪觀光必訪,suni.tw; niniyeh.com,
chiho-miaoli,麵屋千穗,苗栗縣,苗栗市,至公路310號,,豚骨|味噌|醬油|黑蒜,火炙叉燒醬油白湯|櫻桃鴨胸豚骨,175,245,195,15分,4.5,苗栗天花板|免費加麵,苗栗拉麵天花板。五種湯頭免費加麵,linnote.com,
menya-ugyo,麵屋有漁(頭份店),苗栗縣,頭份市,尚順路51號,,魚白湯|蝦湯|干貝醬油,石斑魚白湯|卡布奇諾蝦湯拉麵,280,350,300,20分,4.3,全台最強魚介系|石斑魚白湯,獨創石斑魚白湯，全台最強魚介系,huablog.tw,🔥 人氣
original-miaoli,原味優品拉麵,苗栗縣,苗栗市,民族路52號,,豚骨|味噌|魚介,魚介叉燒豚骨|札幌味增拉麵,160,230,180,10分,4.3,在地十年|飲料無限,在地經營十年，165元起，飲料無限暢飲,vivawei.tw,
suixin-ramen,醉心拉麵,新北市,永和區,仁愛路42號,頂溪,雞白湯|鹽味雞清湯,泡系雞白湯|櫻桃鴨清湯,210,280,230,20分,4.8,三種叉燒|原羅東名店,原羅東名店遷永和。一碗三種叉燒(雞豬鴨),愛食記ifoodie,
koaka-ramen,小高拉麵,新北市,中和區,景新街471號,南勢角,醬油豚骨|麻辣豚骨,醬油豚骨拉麵|麻辣豚骨,120,190,140,30分,4.5,135元含叉燒溏心蛋|無限加麵,中永和最高CP值！135元起含叉燒溏心蛋，無限加麵,愛食記ifoodie,
suien-sanchong,炊煙拉麵 三重,新北市,三重區,仁愛街33號,三重國小,蛤蠣雞白湯|鹽豚骨|醬油豚骨,鹽味蛤蠣雞白湯|唐揚炸雞,200,270,220,15分,4.5,三種肉|捷運1分,一碗三種肉(炙燒叉燒+煎雞腿+舒肥)加溏心蛋,Google Maps,
kumakoshi-xinzhuang,熊越岳,新北市,新莊區,幸福路736號B1,幸福,醬油清湯,清湯叉燒拉麵|百岳限定(每月9號),260,330,280,40分,4.6,新莊最強|每月9號百岳限定$200,新莊最強拉麵，Google 2689則4.6。每月9號百岳限定$200,Google Maps,🔥 人氣
aoyama-xizhi,青山製麵所,新北市,汐止區,新台五路一段150號,—,雞清湯,鹽味雞清湯|柚子鹽拉麵,170,240,190,開門即滿,4.4,2023新開|清湯系,2023年開業清湯系，營業時間極短需提早登記,WalkerLand窩客島,
keita-tamsui,麵屋敬太 KEITA,新北市,淡水區,英專路21巷11號,淡水,煮干,煮干濃湯|背脂煮干清湯,200,270,220,15分,4.4,日籍青森老闆|澎湖丁香魚,日籍青森老闆，澎湖丁香魚熬煮正宗煮干，台灣罕見,愛食記ifoodie.tw,
soton-banqiao,双豚拉麵,新北市,板橋區,民生路三段193號,新埔,醬油豚骨,DX拉麵(叉燒鋪滿)|清湯拉麵$99,180,250,200,20分,4.4,鷹流蘭丸體系|$99清湯,師出鷹流蘭丸體系，分日本原味/台灣味，免費續麵。清湯拉麵僅$99,多篇部落格,
haruki-banqiao,春㐂拉麵職人,新北市,板橋區,雙十路二段42號,江子翠,醬油|豚骨,醬油拉麵|舒肥叉燒拉麵,230,300,250,10分,4.3,板橋醬油代表,板橋醬油拉麵代表，舒肥叉燒極嫩,萍子upssmile,
iho-ramen,伊禾白湯,台北市,信義區,光復南路519巷9號,國父紀念館,牛骨|雞湯,牛白湯拉麵(每日限量40碗),290,360,310,50分,4.9,Google 4.9|一人職人店,一人職人店，每日僅40碗。Google 4.9極高評分。2023愛好會TOP5,vocus; 自由時報玩咖2023 Top10,
senkou-taipei,千口牛舌烤雞拉麵,台北市,大安區,大安路一段19巷5號,忠孝復興,雞白湯|雞清湯|醬油,厚切牛舌拉麵(每碗3片),290,360,310,20分,4.3,2025新開幕|牛舌拉麵,2025年新開幕話題店。「千口」巧妙組成「舌」字。每碗3片厚切牛舌,自由時報玩咖,🆕 新店
kichikichi-neihu,雞吉君拉麵(內湖本店),台北市,內湖區,環山路一段33號,西湖,雞白湯,濃厚雞白湯|特濃雞白湯,240,310,260,40分,4.2,お帰り系統|金賞,お帰り體系，雞白湯先驅。2023年度愛好會第7名。,自由時報玩咖; 台灣拉麵愛好會2023,⭐ 金賞
pool-yin-ramen,池音 鶏白湯ラーメン,台北市,大同區,赤峰街23巷25號,中山,雞白湯,濃郁雞白湯,260,330,280,20分,4.5,赤峰街隱藏|賣完打烊,雞白湯專門店。trip.com特派員私心推薦回訪率100%,trip.com 2026台北拉麵,
kuma2-ramen,熊二拉麵,台北市,信義區,虎林街164巷11號,永春,雞白湯|豚骨,濃厚豚骨|雞白湯,230,300,250,15分,4.3,信義隱藏|賣完打烊,內湖隱藏巷弄，豚骨/雞白湯雙選，湯賣完即打烊,marieClaire台北雞白湯10間,
kuroshio-ramen,黑潮拉麵·炸串,花蓮縣,花蓮市,復興街71號,,豚骨,黑蒜拉麵,180,250,200,15分,4.3,客製化,一蘭式可調濃淡軟硬，黑蒜湯頭層次豐富,jumpman.tw花蓮拉麵,
yankui-changhua,雁歸雞湯拉麵,彰化縣,彰化市,永樂街187號1樓,,雞白湯|鹽味雞湯,松露雞白湯|柚香清雞湯,180,250,200,15分,4.4,文青|浮世繪牆面,巷弄日式風情，浮世繪牆面裝潢,GOMAJI彰化拉麵,
ugyo-toufen,麵屋有漁 頭份店,苗栗縣,頭份市,尚順路51號,,魚白湯|蝦湯|干貝醬油,石斑魚白湯|卡布奇諾蝦湯,280,350,300,20分,4.3,全台最強魚介|石斑魚白湯,獨創石斑魚白湯。卡布奇諾蝦湯拉麵,huablog.tw,🔥 人氣
zhishuang-ramen,恉霜 拉麵專賣,台北市,中山區,長安東路一段48號,善導寺,牛白湯|雞豚清湯,犇・老火牛白湯$350|春源・雞豚旨味清湯$330,330,400,350,30分,4.5,2025新開幕|西餐技法,西餐技法融入日式拉麵，紹興酒溏心蛋，僅12席吧台,TALKace 2025新開幕; Nash's Wonderland; Jeremyfoodie,🆕 新店
ryunokokyu-ramen,龍鱗拉麵,台北市,大同區,承德路二段1巷8號,中山/劍潭,豚骨魚介|雞白湯|蝦湯,柚香桂花拉麵$380|龍蝦雞白湯(限量),330,400,350,30分,4.4,2024新開幕|高顏值,確認營業中，已擴展至2家分店。總店（中山店）2024/6開幕；士林二店（文林路132號）2025/6/17開幕。士林店限定「蛤？龍蝦雞白」每日限量20碗。高顏值配料鮭魚卵海葡萄，免費加清湯加麵。,upssmile.com; life-taste.com; jeremyfoodie.tw,🆕 新店
tsuru-ramen,麵屋鶴立,台北市,大同區,承德路二段1巷18號,中山,雞白湯|雞清湯,鶴立雞白湯(雞豬鴨三拼),300,370,320,25分,4.4,2024新開幕|網美裝潢,確認營業中。2024/9/7試營運。主打雞白湯拉麵，提供鶴立雞白湯、鹽味雞湯、醬油雞湯三種口味，價格約280-360元。文青木質裝潢，採點餐機自助點餐。,jeremyfoodie.tw; hellokids.tw,🆕 新店
teichiba-taipei,定置漁場三代目(台北店),台北市,中山區,中山北路二段39巷22號,中山,魚白湯,膠原魚白湯|酥炸鬼頭刀,310,380,330,30分,4.3,2025進軍台北|花蓮名店,確認已開幕營業。2025/8/16開幕，為花蓮品牌全台第五家分店。位於晶華酒店旁獨棟建築，兩層樓約30席，營業時間11:00-15:00/17:00-24:00，無公休。台北限定與「杜甲A-Ma」聯名沾麵350元。,TALKace; bigfang.tw,🆕 新店
ramen-uosakae,拉麵魚堺,台北市,大安區,瑞安街260-3號(大安店),科技大樓,雞白湯|醬油|鹽味,醬油拉麵$170起,200,270,220,20分,4.5,僅4-6席|CP值極高,確認營業中，目前3家分店確認營運：中和店（民享街94號）、大安店（瑞安街260-3號）、中山新店（大同區赤峰街49巷18號2樓，2025/6開幕）。板橋府中店（2024/12開幕）IG未列出，可能已歇業。基本款拉麵僅170元，CP值極高。,驗證報告2026-04; ramenroamer; mymarcy.tw,
bokuyo-update,墨洋拉麵(資料更新),台北市,中正區,羅斯福路四段136巷10號,公館,貝系醬油|泡系雞豚,極上貝貝拉麵$280(生食級干貝)|泡系雞豚,200,270,220,15分,4.5,貝系醬油|全品項無限加麵,台北少見貝系醬油，全品項無限加麵，公館老宅改造,mibaoma.tw; yam Travel,
maruzou-sanchong,丸宗拉麵屋,新北市,三重區,龍門路258號,三重國小,雞白湯|煮干醬油,貝出汁煮干醬油|雞白湯(無限加麵),180,250,200,40分,4.6,三重第一|全雞入湯,三重第一拉麵店，全雞入湯金黃清澈鮮美，僅7-8席,Nash's Wonderland pixnet,🔥 人氣
uminekotei,海貓亭 うみねこ亭,新北市,新店區,新店路27號,新店,雞白湯|鹽味|醬油,雞白湯拉麵|海貓拌麵,210,280,230,25分,4.5,每年入選金賞|每月29肉肉日,每年入選拉麵愛好會票選名店，每月29日肉肉日叉燒加量,PopDaily新北拉麵8家,⭐ 金賞
kinomoto-luzhou,木之本,新北市,蘆洲區,和平路206號,三民高中,雞白湯,蛤蠣雞白湯$210|松露雞白湯$180,175,245,195,20分,4.5,蘆洲唯一雞白湯|一人店,蘆洲唯一雞白湯專門店，一人店品質不含糊，碗具加熱講究，6種以上轉味,Nash's Wonderland,
shinen-tucheng,炙燃麵所,新北市,土城區,青雲路336巷18號,土城/海山,炭火風味,炭火香氣拉麵,220,290,240,25分,4.7,2023新開幕|土城隱藏版,2023/8開業即衝上Google 4.7高分，隱藏版土城美食,travelwithvina.com,🆕 新店
tunjing-linkou,屯京拉麵(林口三井),新北市,林口區,文化三路一段356號2F(MITSUI OUTLET),機捷A9林口,豚骨醬油|魚豚,東京豚骨拉麵$260起,280,350,300,25分,4.3,東京池袋23年|免服務費,東京池袋創業23年名店，免服務費，桌上芝麻蒜泥辣油自取,ANIKO台北30家,
geki-reiken,激勵軒,台中市,北區,三民路三段75號,—,雞白湯,男湯(濃厚乳化)|女湯(泡沫化),280,350,300,30分,4.5,2020台中銀賞|担々麺天花板,2020台中銀賞，每月限定風味，担々麺被封天花板。男湯/女湯二選一,houpiblog.tw; polstartech台中拉麵,
tonkotsu-issho,豚骨一笑,台中市,太平區,樹德路12-2號,—,豚骨,熟成豚骨拉麵|炙燒腩肉叉燒,240,310,260,20分,4.4,發酵熟成工法|太平代表,獨特發酵熟成工法，湯頭膠質豐沛，太平區代表名店,polstartech台中; safood.tw,
chosei-taichung,長生塩人(台中西屯),台中市,西屯區,台灣大道三段486號,—,鹽味,鹽味拉麵$160起|辣味肉醬,180,250,200,30分,4.4,天母名店南下|2024/3開幕,天母名店2024/3南下台中，$160起最話題深夜拉麵，營業至凌晨,polstartech台中,🆕 新店
kitaho-taichung,北穗製麵所 Kitaho(更新),台中市,西區,公益路124巷2號,—,豚骨醬油|紫蘇清湯,黃金紫蘇清湯|家系豚骨濃厚,310,380,330,25分,4.6,日籍老闆|手工自製麵,日籍老闆，麵條全手工自製，紫蘇清湯淡雅獨特,polstartech台中,
akimei-taichung,麵屋秋鳴,台中市,南區,文心南路715號,—,鴨白湯,鴨霸二郎拉麵(整隻鴨腿),280,350,300,15分,4.3,台中首家鴨白湯|貍匠旗下,貍匠旗下品牌，台中首家鴨白湯。金字塔蒜炒野菜+整隻鴨腿超霸氣,polstartech台中拉麵,
kuroshin-wufeng,麵屋黑心,台中市,霧峰區,育群路264號,—,雞白湯|松露,松露雞白湯|醬油老火湯,280,350,300,25分,4.5,新人賞全台前十|甜點巴斯克,新人賞全台前十，西餐手法巧思，甜點巴斯克乳酪蛋糕也必吃,polstartech台中拉麵,⭐ 金賞
yoshitsune-kh,吉胤家,高雄市,三民區,慶雲街105號,—,豚骨醬油,橫濱家系濃厚豚骨醬油,220,290,240,90分,4.6,僅週五六賣拉麵|每日限量,僅週五六賣拉麵(週三四賣咖哩飯)，每日限量，全高雄最難吃到的拉麵,Jeremy高雄拉麵; GOMAJI; PopDaily,
kobayashi-kh,麵處小林,高雄市,左營區,博愛二路296號,巨蛋,雞白湯|豚骨醬油,雞白鹽味拉麵|豚骨醬油,210,280,230,20分,4.3,家系9年|投幣機,師承橫濱家系9年老店，投幣機點餐，可自選湯底濃淡,PopDaily高雄10家; jeremyfoodie.tw,
yojin-kh,珧金拉麵 YOJIN,高雄市,鳳山區,府前路34號,衛武營,雞白湯|貝出汁,濃熟雞湯拉麵|貝出汁拉麵,220,290,240,20分,4.4,2024新開幕|鳳山黑馬,2024新開幕鳳山黑馬，追求單純極致旨味，僅收現金,GOMAJI高雄; jeremyfoodie.tw,🆕 新店
ippudo-kh,一風堂 高雄巨蛋店,高雄市,左營區,博愛二路777號 漢神巨蛋B1,巨蛋,豚骨,白丸|赤丸,270,340,290,15分,4.3,連鎖|博多,一風堂高雄分店，漢神巨蛋B1,Jeremy高雄拉麵,
hourai-tainan,中華そば 寶來軒,台南市,北區,公園南路206號,,豚骨|味噌|醬油|鹽味|魚介|雞白湯,豚骨拉麵|豚骨魚介,200,270,220,25分,4.3,日本人經營|6種湯頭,日本人經營，使用麵票機，6種湯頭為台南最豐富,trip.com台南拉麵,
juewan-tainan,覺丸拉麵,台南市,東區,東興路275號,,豚骨,鮮貝豚骨|特製豚骨,220,290,240,25分,4.4,2024重新裝潢|LINE@訂位,2024重新裝潢，LINE@可訂位，叉燒口感Q彈,tiyama.net; trip.com,🆕 新店
akasaka-penghu,赤坂拉麵 澎湖店,澎湖縣,馬公市,同和路158號3F,,豚骨,味噌拉麵|叉燒拉麵,230,300,250,15分,4.0,日本電視冠軍王|3F海景,日本電視冠軍王創立，3F海景用餐眺望馬公港,深度研究離島調查,🔥 人氣
yamahodo-penghu,山禾堂拉麵 澎湖店,澎湖縣,馬公市,三多路296號,,豚骨,霸氣叉燒拉麵(8片)|玉手箱冒煙甜點,260,330,280,10分,4.1,連鎖進駐澎湖|甜點話題,連鎖品牌進駐澎湖，菜單含火鍋定食炸物甜點,深度研究離島調查,
muiki-kinmen,麵屋無粹 MuIki,金門縣,金城鎮,環島北路一段126號,,雞白湯|豚骨,雞白湯拉麵(舒肥雞叉燒+溏心蛋),130,200,150,10分,4.2,金門最知名|有人專程再訪,金門最知名拉麵，雞白湯濃郁到上下嘴唇微黏住，有遊客專程再訪金門,愛食記; 深度研究離島,
mengosha-nantou,麵五三屋台,南投縣,草屯鎮,草屯鎮田中央,,豚骨|鹽味,鹽味干貝拉麵(限量),220,290,240,15分,4.3,隱身田中央|屋台+披薩,隱身田中央的屋台拉麵+披薩專賣，每日限量,deep research,
seiran-qingjing,星嵐拉麵,南投縣,仁愛鄉,仁愛鄉定遠新村25號,,豚骨,繁盛拉麵(炸蝦+炸牡蠣+鮭魚卵),280,350,300,15分,4.0,全台海拔最高|清境農場,全台海拔最高拉麵店，櫻花季可在花海中用餐,深度研究南投,
yanchi-ramen,湮鯱,台北市,大安區,市民大道三段302號,忠孝復興,海鮮鹽味,海鮮鹽味拉麵,270,340,290,25分,4.5,2023新人賞金賞|塩琉二品牌,塩琉新品牌，2023年愛好會新人賞金賞。中山戰區二店，大幅提升用餐環境,自由時報玩咖 2023 Top10,⭐ 金賞
tonari-ramen,隣 tonari,台北市,大安區,延吉街(お帰り隔壁),國父紀念館,多元,お帰り體系新品牌,260,330,280,20分,4.4,お帰り體系|2024新品牌,金賞名店お帰り的隔壁新品牌，延伸不同風味,台灣拉麵愛好會2023,🆕 新店
ninan-tainan,二男家 家系拉麵,台南市,北區,公園路928號,,豚骨醬油,家系拉麵|白飯小菜無限供應,210,280,230,20分,4.4,家系|白飯小菜無限,濃厚系家系拉麵大滿足，白飯小菜無限供應,台南女孩凱莉; Dcard台南,
puli-yokohama,埔里橫濱拉麵(新址),南投縣,埔里鎮,慈恩街92號,,豚骨,埔里茭白筍拉麵|黑蒜拉麵,195,265,215,15分,4.6,在地食材|貨櫃屋,2024新址貨櫃屋日式建築，在地茭白筍入拉麵。免費加麵+飲料無限暢飲,Google Maps 4.6,
ichi-no-ana,麵屋壹の穴 ICHI,台北市,大安區,延吉街137巷22號,國父紀念館,魚介豚骨|二郎系|醬油,壹の二郎拉麵$300|秋刀魚干貝醬油拉麵$250,230,300,250,20分,4.2,愛好會連3年名店|台北CP最高二郎,拉麵愛好會連續3年票選名店，台北CP值最高二郎系，另有板橋分店及沾麵專門店,pekoblog.tw; PopDaily; momoblog.tw,⭐ 金賞
kagari-taipei,銀座篝 Kagari,台北市,中山區,中山北路二段115巷3弄6號,中山國小,雞白湯,雞白湯Soba|松露雞白湯Soba,310,380,330,30分,4.3,2024重返台灣|米其林必比登,2024年6月重返台灣。東京米其林必比登推介(2016-2017)，湯底由日本鹿兒島赤雞萃取急速冷凍空運來台,vocus.cc; letsgojp.com; jeremyfoodie.tw; DailyView,🆕 新店
okaeri-yangi,Okaeri お帰り 你回來啦拉麵,台北市,大安區,延吉街60號,國父紀念館,豚骨,濃蒜豚骨|黑蒜油豚骨,260,330,280,90分,4.2,延吉街傳奇|僅14席,延吉街傳奇排隊名店，僅14席，免費加麵加湯一次。2023愛好會年度第2名。隔壁另開「隣tonari」,ramenroamer.com; annieko.tw,⭐ 金賞
menya-teru,麵屋輝 TERU,台北市,中山區,伊通街8-1號1樓,松江南京,魚介豚骨|沾麵,魚介豚骨拉麵$220|魚介豚骨沾麵,220,290,240,15分,4.0,大阪名店|自家製麵,大概率仍營業中。2019年曾傳出閉店消息，但公司登記稅籍狀態仍顯示「營業中」，Facebook粉專與Instagram持續更新。2024年仍有新食記發表，Uber Eats亦有店面頁面。,驗證報告2026-04; marukoblog.tw,
jinguji-kh,神宮寺拉麵,高雄市,左營區,博愛二路777號4F(漢神巨蛋),巨蛋,雞白湯,二層泡雞白湯特製拉麵(赤/白)|沾麵,340,410,360,40分,4.2,名古屋首創|二層泡,名古屋世界首創二層泡雞白湯海外直營首店。2024/10開幕，上層泡沫+下層濃郁雙層湯頭,jas38.tw高雄40家; hoolee.tw,🆕 新店
kurikawa-kh,麵屋栗川,高雄市,新興區,五福二路86號,文化中心,雞白湯|雞清湯,栗川雞白濃湯|琥珀雞清湯,280,350,300,20分,4.4,2024新開幕|食券機,2024-2025新開幕，食券機+叫號入場新派流程,hoolee.tw高雄拉麵,🆕 新店
sakaki-kh,麵屋榊(拉麵壹3號店),高雄市,鳳山區,鳳松路172號,—,雞白湯|醬油,純雞牡蠣沾麵|醬油雞清湯,280,350,300,20分,4.4,拉麵壹3號店|牡蠣沾麵,人氣品牌拉麵壹第3號店，特色純雞牡蠣沾麵結合雞白湯與牡蠣鮮美,jas38.tw,
yanagimachiya,柳町家拉麵,新北市,蘆洲區,民權路188-6號1樓,蘆洲,雞白湯,特盛雞白濃湯|塩味雞清湯,240,310,260,30分,4.9,前麵屋牛一店主|免費加麵+白飯,前麵屋牛一店主新開，Google 4.9超高分。免費加半球麵兩次及白飯，僅收現金,mymarcy.tw; Google Maps,
kurami-zhonghe,藏味拉麵,新北市,中和區,景安路132巷1號1樓,景安,豚骨|魚介豚骨|醬油雞骨,濃厚豚骨拉麵|限量叉燒飯,210,280,230,35分,4.3,小店大人龍|限量叉燒飯,小店面大人龍，限量叉燒飯必搶，免費續麵,UDN聯合新聞; ramenroamer.com,
kakurega-taichung,隱家拉麵 精明店,台中市,西屯區,精明路21號,—,豚骨|雞白湯|牛骨白湯|擔擔麵,濃厚牛骨白湯(台中限定),280,350,300,40分,4.4,台北名店2024南下|五種系統,台北赤峰街名店2024年進軍台中，一店可吃五種系統，台中限定品項常秒殺,polstartech台中拉麵; safood.tw,🆕 新店
shuhali-taichung,麵屋守破離,台中市,北區,錦新街90巷2號,—,豚骨|雞白湯|味噌,豪華濃厚辛味噌|豪華雞鹽豚骨,280,350,300,25分,4.5,日本人老闆一人作業|2024新開幕,日本人老闆一人作業，2024新開幕，驚人4大系列30種口味，豚骨+雞骨雙骨湯底,polstartech; niniandblue.com,🆕 新店
nanren-taichung,腩忍拉麵,台中市,太平區,立文街(近育才路),—,創作,熔岩拉麵|冰淇淋抹茶泥拉麵,160,230,180,15分,4.3,創意熔岩|$135起,台中最強熔岩拉麵！免機票品嘗大阪爆紅冰淋淋拉麵。抹茶泥起司泥味蕾大滿足,sunnylife.tw; safood.tw,
unmei-taichung,UNMEI 緣 拉麵,台中市,中區,民權路44巷1號,—,雞骨鹽味|味噌,塩味拉麵|辣味噌拉麵,255,325,275,10分,4.3,2024/6新開幕|日本主廚,2024年6月新開幕，日本主廚親自研製，台中車站附近日式老宅,polstartech台中拉麵,🆕 新店
sandong-taoyuan,三冬麵鋪,桃園市,桃園區,同德十街17號,—,雞白湯,特製雞白湯|世界第二好吃布丁,235,305,255,40分,4.6,連續兩年愛好會前十|桃園第一,連續兩年拉麵愛好會票選前十，桃園第一拉麵。一週僅營業四天、每天約3hr,blake.com.tw; bella.tw,⭐ 金賞
torachiyo-taoyuan,麵屋虎千代,桃園市,桃園區,中正路48巷3號,—,醬油,濃湯特製SP拉麵(厚薄叉燒+溏心蛋),250,320,270,40分,4.7,桃園最強|鷹流老闆,鷹流老闆在桃園開設，桃園最強拉麵。自製手打麵，濃稠如醬汁，5:15即開始排隊,pipa0102.pixnet.net; LINE TODAY bella,🔥 人氣
gokusei-zhongli,極清拉麵,桃園市,中壢區,九和一街3號1F,—,鹽味|醬油|雞白湯,極清鹽拉麵|晚餐限定雞白湯,170,240,190,20分,4.5,中壢排隊王|$170起,中壢拉麵戰區排隊名店，$170起超平價。碗底隨機再來一碗可兌換免費拉麵,Google Maps; 桃園拉麵blog,🔥 人氣
mujo-bade,無常拉麵,桃園市,八德區,建國路1142號,—,雞白湯,鹽味雞白湯(加檸檬柳橙片),195,265,215,40分,4.7,攤車起家|檸檬柳橙特色,從八德攤車起家，雞清湯加檸檬柳橙片為一大特色，碗緣附柚子胡椒醬汁,Google Maps; 桃園拉麵blog,
kogoya-bade,小郜家濃厚雞白湯,桃園市,八德區,介壽路二段208號,—,雞白湯,鹽味雞白湯|醬油雞白湯,200,270,220,20分,4.6,源自米其林配方|僅9席,源自米其林的湯頭配方，僅9席，提供擊敗雞白湯四部曲吃法教學,weshares.com.tw,🌟 米其林
ishida-ichiryu,石田一龍,桃園市,桃園區,寶慶路92號,—,豚骨,濃厚豚骨拉麵(每日限量),220,290,240,25分,4.5,日本6屆拉麵冠軍|西日本百名店,日本福岡北九州蟬聯6次拉麵錦標賽冠軍+西日本百名店，台灣老闆赴日學藝完整移植。海外唯一分店,letsplaytrip.tw,🔥 人氣
ramen-furen,拉麵夫人 Ramen FU REN,桃園市,八德區,陸光街19號,—,雞白湯,黑蒜雞白湯|海鮮雞白湯特盛,220,290,240,15分,4.6,2024新開幕|淡麗概念,2024新開幕，從健康餐盒起家，雞白湯研發耗時半年以上，以淡麗概念詮釋,weshares.com.tw,🆕 新店
yen-itte,Yén itte 言って食処,新竹縣,竹北市,光明十街161號,,創作,法式油封櫻桃鴨腿醬油鮮螺貝拉麵$460,350,420,370,需預約,4.7,米其林三星學藝|台日法三元素,主廚曾與米其林三星主廚Guy Savoy學習，融合台日法三元素。一樓拉麵二樓清酒吧,yeh0410.com,🌟 米其林
azumura-kaohsiung,梓村麵屋 鼎中店,高雄市,三民區,鼎中路646號,—,雞白湯,本格原味雞白濃湯|特盛炙燒肋排,255,325,275,15分,4.4,四種風味|炙燒肋排,大量蔬果+全雞+豬骨長時間熬煮，4種風味變化，愛吃肉可選特盛款附炙燒肋排,jas38.tw,
